
create database FlipKart;
use flipkart

CREATE TABLE Categories (
  category_id INT PRIMARY KEY,
  category_name VARCHAR(50)
);

CREATE TABLE Suppliers (
  supplier_id INT PRIMARY KEY,
  supplier_name VARCHAR(100),
  city VARCHAR(50)
);

CREATE TABLE Employees (
  employee_id INT PRIMARY KEY,
  full_name VARCHAR(100),
  position VARCHAR(50),
  city VARCHAR(50)
);

CREATE TABLE Customers (
  customer_id INT PRIMARY KEY,
  full_name VARCHAR(100),
  city VARCHAR(50),
  signup_date DATE,
  email VARCHAR(100)
);

CREATE TABLE Products (
  product_id INT PRIMARY KEY,
  name VARCHAR(100),
  category_id INT FOREIGN KEY REFERENCES Categories(category_id),
  supplier_id INT FOREIGN KEY REFERENCES Suppliers(supplier_id),
  price DECIMAL(10, 2)
);

CREATE TABLE Orders (
  order_id INT PRIMARY KEY,
  customer_id INT FOREIGN KEY REFERENCES Customers(customer_id),
  employee_id INT FOREIGN KEY REFERENCES Employees(employee_id),
  order_date DATE,
  total_amount DECIMAL(10, 2)
);

CREATE TABLE OrderDetails (
  order_detail_id INT PRIMARY KEY,
  order_id INT FOREIGN KEY REFERENCES Orders(order_id),
  product_id INT FOREIGN KEY REFERENCES Products(product_id),
  quantity INT,
  unit_price DECIMAL(10, 2)
);

CREATE TABLE Payments (
  payment_id INT PRIMARY KEY,
  order_id INT FOREIGN KEY REFERENCES Orders(order_id),
  payment_date DATE,
  amount DECIMAL(10, 2),
  payment_method VARCHAR(50)
);

CREATE TABLE Reviews (
  review_id INT PRIMARY KEY,
  product_id INT FOREIGN KEY REFERENCES Products(product_id),
  customer_id INT FOREIGN KEY REFERENCES Customers(customer_id),
  rating INT CHECK(rating BETWEEN 1 AND 5),
  review_text TEXT,
  review_date DATE
);

INSERT INTO Employees (employee_id, full_name, position, city) VALUES
(1, 'Anil Kumar', 'Sales Executive', 'Bangalore'),
(2, 'Sneha Reddy', 'Customer Support', 'Hyderabad'),
(3, 'Ravi Teja', 'Warehouse Manager', 'Mumbai'),
(4, 'Divya Sharma', 'Sales Manager', 'Delhi'),
(5, 'Manoj Verma', 'Support Lead', 'Pune'),
(6, 'Sangeeta Das', 'HR Manager', 'Kolkata'),
(7, 'Rajesh Pillai', 'Account Manager', 'Chennai'),
(8, 'Priya Nair', 'Customer Support', 'Hyderabad'),
(9, 'Naveen Rao', 'Sales Executive', 'Bangalore'),
(10, 'Jyothi M', 'Delivery Manager', 'Pune'),
(11, 'Karthik R', 'Tech Support', 'Hyderabad'),
(12, 'Neha K', 'Customer Support', 'Delhi'),
(13, 'Amit Tiwari', 'Logistics Coordinator', 'Mumbai'),
(14, 'Sunita D', 'Sales Manager', 'Kolkata'),
(15, 'Arvind G', 'Support Executive', 'Chennai'),
(16, 'Harika Y', 'Sales Executive', 'Bangalore'),
(17, 'Vikas C', 'Regional Manager', 'Delhi'),
(18, 'Divya R', 'Customer Support', 'Pune'),
(19, 'Ramesh V', 'Tech Support', 'Hyderabad'),
(20, 'Kiran P', 'Account Executive', 'Mumbai'),
(21, 'Meghana L', 'Delivery Coordinator', 'Chennai'),
(22, 'Deepak S', 'Support Lead', 'Bangalore'),
(23, 'Shruti G', 'HR Executive', 'Hyderabad'),
(24, 'Santosh K', 'Sales Associate', 'Pune'),
(25, 'Lavanya S', 'Customer Support', 'Delhi'),
(26, 'Tarun M', 'Sales Manager', 'Kolkata'),
(27, 'Pooja R', 'Logistics Officer', 'Mumbai'),
(28, 'Suraj D', 'Operations Manager', 'Chennai'),
(29, 'Anusha M', 'Support Executive', 'Hyderabad'),
(30, 'Raghu K', 'Tech Support', 'Pune'),
(31, 'Ishita B', 'Sales Coordinator', 'Delhi'),
(32, 'Vinay J', 'Customer Support', 'Bangalore'),
(33, 'Nisha R', 'Sales Executive', 'Mumbai'),
(34, 'Ashok L', 'Logistics Supervisor', 'Hyderabad'),
(35, 'Bhavani D', 'Support Analyst', 'Chennai'),
(36, 'Gaurav M', 'Account Manager', 'Delhi'),
(37, 'Meera S', 'Support Specialist', 'Pune'),
(38, 'Uday K', 'Sales Executive', 'Bangalore'),
(39, 'Shalini P', 'Customer Support', 'Mumbai'),
(40, 'Abhishek T', 'Tech Support', 'Hyderabad'),
(41, 'Ritika N', 'Logistics Coordinator', 'Chennai'),
(42, 'Krishna G', 'Delivery Lead', 'Delhi'),
(43, 'Varun C', 'Support Executive', 'Kolkata'),
(44, 'Niveditha J', 'HR Executive', 'Hyderabad'),
(45, 'Ajay S', 'Sales Executive', 'Bangalore'),
(46, 'Kavitha K', 'Support Manager', 'Mumbai'),
(47, 'Sudheer A', 'Tech Support', 'Pune'),
(48, 'Ankita R', 'Customer Service Rep', 'Chennai'),
(49, 'Tejas R', 'Warehouse Supervisor', 'Delhi'),
(50, 'Srilatha M', 'Operations Lead', 'Bangalore');
INSERT INTO Categories (category_id, category_name) VALUES
(1, 'Electronics'),
(2, 'Furniture'),
(3, 'Clothing'),
(4, 'Sports & Outdoors'),
(5, 'Health & Wellness'),
(6, 'Books'),
(7, 'Jewelry & Accessories'),
(8, 'Beauty & Personal Care'),
(9, 'Pet Supplies'),
(10, 'Garden & Outdoor'),
(11, 'Baby Products'),
(12, 'Musical Instruments'),
(13, 'Photography'),
(14, 'Software'),
(15, 'Toys & Games');
INSERT INTO Suppliers (supplier_id, supplier_name, city) VALUES
(1, 'TechGiant Electronics', 'Bangalore'),
(2, 'UrbanWood Furniture Co.', 'Delhi'),
(3, 'TrendWear Clothing', 'Mumbai'),
(4, 'ProFit Sports', 'Pune'),
(5, 'WellLife Wellness', 'Hyderabad'),
(6, 'BookVerse Distributors', 'Chennai'),
(7, 'ShineCraft Jewelry', 'Kolkata'),
(8, 'GlowUp Cosmetics', 'Bangalore'),
(9, 'PetWorld Supplies', 'Hyderabad'),
(10, 'GreenLeaf Gardening', 'Delhi'),
(11, 'BabyCare Essentials', 'Mumbai'),
(12, 'MelodyMakers Instruments', 'Chennai'),
(13, 'CamSnap Photography', 'Bangalore'),
(14, 'CodeNest Software', 'Hyderabad'),
(15, 'ToyBox Fun Ltd.', 'Kolkata'),
(16, 'Nova Electronics', 'Chennai'),
(17, 'HomeNest Decor', 'Mumbai'),
(18, 'Skyline Furniture', 'Pune'),
(19, 'PlayWear Kids Clothing', 'Delhi'),
(20, 'Pulse Sports Equipment', 'Bangalore'),
(21, 'ZenCare Wellness', 'Hyderabad'),
(22, 'LitWorld Books', 'Chennai'),
(23, 'JewelTales', 'Kolkata'),
(24, 'BlushBelle Beauty', 'Mumbai'),
(25, 'FurEver Pet Store', 'Delhi'),
(26, 'GrowMore Garden Supplies', 'Bangalore'),
(27, 'TinySteps Baby Store', 'Hyderabad'),
(28, 'StrumPro Instruments', 'Pune'),
(29, 'FocusClick Cameras', 'Mumbai'),
(30, 'SoftEdge Solutions', 'Chennai'),
(31, 'ToyLandia', 'Kolkata'),
(32, 'ByteCore Electronics', 'Delhi'),
(33, 'UrbanNest Furniture', 'Bangalore'),
(34, 'ActiveGear Sports', 'Hyderabad'),
(35, 'NatureCure Wellness', 'Chennai'),
(36, 'StoryTime Books', 'Pune'),
(37, 'GlamShine Accessories', 'Delhi'),
(38, 'FaceGlow Cosmetics', 'Mumbai'),
(39, 'PawFriends', 'Bangalore'),
(40, 'GrowHub Gardening', 'Hyderabad'),
(41, 'HappyTots Baby Co.', 'Pune'),
(42, 'ChordCraze Music', 'Chennai'),
(43, 'SnapPro Photography', 'Delhi'),
(44, 'DevSphere Software', 'Mumbai'),
(45, 'PlayJoy Toys', 'Kolkata'),
(46, 'EliteGadgets', 'Hyderabad'),
(47, 'WoodCraft Living', 'Chennai'),
(48, 'FitTrack Sportswear', 'Pune'),
(49, 'PureVibe Wellness', 'Delhi'),
(50, 'ReadMore Books', 'Bangalore');
INSERT INTO Customers (customer_id, full_name, city, signup_date, email) VALUES
(1, 'Amit Kumar', 'Delhi', '2022-01-10', 'amit.kumar@gmail.com'),
(2, 'Priya Sharma', 'Mumbai', '2022-03-15', 'priya.sharma@yahoo.com'),
(3, 'Rahul Mehta', 'Bangalore', '2022-05-22', 'rahul.mehta@hotmail.com'),
(4, 'Divya Rani', 'Hyderabad', '2022-06-18', 'divya.rani@gmail.com'),
(5, 'Suresh Babu', 'Chennai', '2022-07-05', 'suresh.babu@outlook.com'),
(6, 'Meena Joshi', 'Pune', '2022-08-12', 'meena.joshi@yahoo.com'),
(7, 'Karan Verma', 'Kolkata', '2022-09-03', 'karan.verma@gmail.com'),
(8, 'Anjali Rao', 'Delhi', '2022-10-19', 'anjali.rao@hotmail.com'),
(9, 'Deepak Nair', 'Mumbai', '2022-11-11', 'deepak.nair@yahoo.com'),
(10, 'Sneha Patil', 'Bangalore', '2022-12-05', 'sneha.patil@gmail.com'),
(11, 'Nikhil Sharma', 'Hyderabad', '2023-01-14', 'nikhil.sharma@outlook.com'),
(12, 'Kavya Jain', 'Chennai', '2023-02-22', 'kavya.jain@gmail.com'),
(13, 'Ravi Kumar', 'Pune', '2023-03-18', 'ravi.kumar@yahoo.com'),
(14, 'Neha Desai', 'Kolkata', '2023-04-07', 'neha.desai@hotmail.com'),
(15, 'Arjun Pillai', 'Delhi', '2023-05-26', 'arjun.pillai@gmail.com'),
(16, 'Lakshmi Iyer', 'Mumbai', '2023-06-02', 'lakshmi.iyer@yahoo.com'),
(17, 'Ajay Reddy', 'Bangalore', '2023-07-13', 'ajay.reddy@gmail.com'),
(18, 'Pooja Saxena', 'Hyderabad', '2023-08-09', 'pooja.saxena@outlook.com'),
(19, 'Vikram Das', 'Chennai', '2023-09-15', 'vikram.das@gmail.com'),
(20, 'Tanvi Bhat', 'Pune', '2023-10-01', 'tanvi.bhat@hotmail.com'),
(21, 'Harsha G', 'Kolkata', '2023-11-11', 'harsha.g@gmail.com'),
(22, 'Manoj Kapoor', 'Delhi', '2023-12-04', 'manoj.kapoor@outlook.com'),
(23, 'Rekha Mohan', 'Mumbai', '2024-01-10', 'rekha.mohan@yahoo.com'),
(24, 'Yogesh Tripathi', 'Bangalore', '2024-02-14', 'yogesh.tripathi@gmail.com'),
(25, 'Smita Kulkarni', 'Hyderabad', '2024-03-20', 'smita.kulkarni@outlook.com'),
(26, 'Tarun Singh', 'Chennai', '2024-04-05', 'tarun.singh@gmail.com'),
(27, 'Vidya Krishnan', 'Pune', '2024-05-15', 'vidya.krishnan@hotmail.com'),
(28, 'Naveen George', 'Kolkata', '2024-06-10', 'naveen.george@yahoo.com'),
(29, 'Ananya Menon', 'Delhi', '2024-07-04', 'ananya.menon@gmail.com'),
(30, 'Rohit Sinha', 'Mumbai', '2024-08-08', 'rohit.sinha@outlook.com'),
(31, 'Bhavana Yadav', 'Bangalore', '2024-09-12', 'bhavana.yadav@gmail.com'),
(32, 'Pranav Joshi', 'Hyderabad', '2024-10-03', 'pranav.joshi@yahoo.com'),
(33, 'Shweta Ghosh', 'Chennai', '2024-11-07', 'shweta.ghosh@gmail.com'),
(34, 'Ramesh Iyer', 'Pune', '2024-12-01', 'ramesh.iyer@outlook.com'),
(35, 'Shruti R', 'Kolkata', '2025-01-05', 'shruti.r@gmail.com'),
(36, 'Alok Das', 'Delhi', '2025-01-20', 'alok.das@yahoo.com'),
(37, 'Krishna Mohan', 'Mumbai', '2025-02-15', 'krishna.mohan@gmail.com'),
(38, 'Charitha Rao', 'Bangalore', '2025-03-01', 'charitha.rao@outlook.com'),
(39, 'Tejaswini K', 'Hyderabad', '2025-03-18', 'tejaswini.k@yahoo.com'),
(40, 'Vignesh R', 'Chennai', '2025-04-10', 'vignesh.r@gmail.com'),
(41, 'Harini S', 'Pune', '2025-04-25', 'harini.s@outlook.com'),
(42, 'Ravi Teja', 'Kolkata', '2025-05-05', 'ravi.teja@gmail.com'),
(43, 'Mahesh Gupta', 'Delhi', '2025-05-20', 'mahesh.gupta@yahoo.com'),
(44, 'Divya Menon', 'Mumbai', '2025-06-01', 'divya.menon@outlook.com'),
(45, 'Ritu Raj', 'Bangalore', '2025-06-07', 'ritu.raj@gmail.com'),
(46, 'Sunil Kumar', 'Hyderabad', '2025-06-08', 'sunil.kumar@yahoo.com'),
(47, 'Kavitha P', 'Chennai', '2025-06-09', 'kavitha.p@gmail.com'),
(48, 'Ankit Mehra', 'Pune', '2025-06-09', 'ankit.mehra@hotmail.com'),
(49, 'Deeksha Sharma', 'Kolkata', '2025-06-09', 'deeksha.sharma@gmail.com'),
(50, 'Aravind G', 'Delhi', '2025-06-09', 'aravind.g@outlook.com');
INSERT INTO Products (product_id, name, category_id, supplier_id, price) VALUES
(1, 'Wireless Mouse', 1, 1, 799.00),
(2, 'Office Chair', 2, 2, 4499.00),
(3, 'Men’s T-Shirt', 3, 3, 599.00),
(4, 'Yoga Mat', 4, 4, 999.00),
(5, 'Protein Powder', 5, 5, 1499.00),
(6, 'Novel: The Alchemist', 6, 6, 299.00),
(7, 'Silver Pendant', 7, 7, 1199.00),
(8, 'Face Wash', 8, 8, 349.00),
(9, 'Dog Food Pack', 9, 9, 899.00),
(10, 'Garden Hose Pipe', 10, 10, 1299.00),
(11, 'Baby Wipes', 11, 11, 299.00),
(12, 'Acoustic Guitar', 12, 12, 7499.00),
(13, 'DSLR Camera', 13, 13, 42999.00),
(14, 'Antivirus Software', 14, 14, 1999.00),
(15, 'Remote Control Car', 15, 15, 799.00),
(16, 'Bluetooth Headphones', 1, 16, 2299.00),
(17, 'Wooden Bookshelf', 2, 17, 6999.00),
(18, 'Women’s Dress', 3, 18, 1199.00),
(19, 'Football', 4, 19, 499.00),
(20, 'Herbal Tea Pack', 5, 20, 399.00),
(21, 'Self-Help Book', 6, 21, 249.00),
(22, 'Gold Earrings', 7, 22, 3499.00),
(23, 'Lipstick Set', 8, 23, 599.00),
(24, 'Cat Toy Pack', 9, 24, 349.00),
(25, 'Hanging Planters', 10, 25, 999.00),
(26, 'Baby Oil', 11, 26, 199.00),
(27, 'Electric Keyboard', 12, 27, 9999.00),
(28, 'Tripod Stand', 13, 28, 1499.00),
(29, 'Photo Editing Suite', 14, 29, 2999.00),
(30, 'Puzzle Board Game', 15, 30, 499.00),
(31, 'USB Hub', 1, 31, 599.00),
(32, 'Coffee Table', 2, 32, 5499.00),
(33, 'Kids Trousers', 3, 33, 699.00),
(34, 'Badminton Racket', 4, 34, 999.00),
(35, 'Vitamins Combo', 5, 35, 999.00),
(36, 'Biography Book', 6, 36, 349.00),
(37, 'Bracelet Set', 7, 37, 899.00),
(38, 'Sunscreen Lotion', 8, 38, 499.00),
(39, 'Pet Shampoo', 9, 39, 299.00),
(40, 'Garden Tool Kit', 10, 40, 1599.00),
(41, 'Baby Blanket', 11, 41, 699.00),
(42, 'Ukulele', 12, 42, 2999.00),
(43, 'Lens Cleaner Kit', 13, 43, 349.00),
(44, 'Office Suite Software', 14, 44, 4999.00),
(45, 'Building Blocks Toy', 15, 45, 699.00),
(46, 'Gaming Keyboard', 1, 46, 3199.00),
(47, 'Recliner Chair', 2, 47, 8999.00),
(48, 'Women’s Jacket', 3, 48, 1599.00),
(49, 'Cricket Bat', 4, 49, 1299.00),
(50, 'Organic Supplement', 5, 50, 1999.00);
INSERT INTO Orders (order_id, customer_id, employee_id, order_date, total_amount) VALUES
(1, 1, 10, '2023-01-02', 2499.00),
(2, 2, 15, '2023-01-05', 899.00),
(3, 3, 8, '2023-01-10', 1599.00),
(4, 4, 20, '2023-01-14', 4999.00),
(5, 5, 12, '2023-01-18', 1299.00),
(6, 6, 5, '2023-01-22', 2399.00),
(7, 7, 30, '2023-01-25', 3499.00),
(8, 8, 25, '2023-01-28', 699.00),
(9, 9, 18, '2023-02-02', 2599.00),
(10, 10, 1, '2023-02-06', 1899.00),
(11, 11, 4, '2023-02-10', 999.00),
(12, 12, 7, '2023-02-13', 1399.00),
(13, 13, 22, '2023-02-17', 499.00),
(14, 14, 40, '2023-02-21', 2899.00),
(15, 15, 9, '2023-02-24', 1899.00),
(16, 16, 2, '2023-02-27', 999.00),
(17, 17, 14, '2023-03-03', 2999.00),
(18, 18, 28, '2023-03-06', 2199.00),
(19, 19, 3, '2023-03-10', 1299.00),
(20, 20, 45, '2023-03-14', 3999.00),
(21, 21, 33, '2023-03-17', 1099.00),
(22, 22, 19, '2023-03-20', 699.00),
(23, 23, 13, '2023-03-25', 1499.00),
(24, 24, 37, '2023-03-30', 2299.00),
(25, 25, 44, '2023-04-03', 2699.00),
(26, 26, 6, '2023-04-06', 899.00),
(27, 27, 16, '2023-04-10', 3199.00),
(28, 28, 11, '2023-04-13', 499.00),
(29, 29, 36, '2023-04-16', 699.00),
(30, 30, 26, '2023-04-20', 2199.00),
(31, 31, 17, '2023-04-25', 1799.00),
(32, 32, 24, '2023-04-28', 2999.00),
(33, 33, 38, '2023-05-01', 1599.00),
(34, 34, 42, '2023-05-05', 2499.00),
(35, 35, 32, '2023-05-08', 999.00),
(36, 36, 31, '2023-05-12', 4999.00),
(37, 37, 23, '2023-05-16', 1299.00),
(38, 38, 48, '2023-05-20', 399.00),
(39, 39, 21, '2023-05-23', 1499.00),
(40, 40, 50, '2023-05-26', 1899.00),
(41, 41, 27, '2023-05-29', 2299.00),
(42, 42, 34, '2023-06-02', 3199.00),
(43, 43, 35, '2023-06-06', 2799.00),
(44, 44, 39, '2023-06-10', 2199.00),
(45, 45, 46, '2023-06-14', 999.00),
(46, 46, 41, '2023-06-18', 1299.00),
(47, 47, 29, '2023-06-21', 1799.00),
(48, 48, 43, '2023-06-24', 899.00),
(49, 49, 47, '2023-06-27', 2399.00),
(50, 50, 49, '2023-07-01', 999.00),
(51, 1, 10, '2023-07-04', 2699.00),
(52, 2, 15, '2023-07-08', 1499.00),
(53, 3, 8, '2023-07-11', 899.00),
(54, 4, 20, '2023-07-14', 2299.00),
(55, 5, 12, '2023-07-17', 999.00),
(56, 6, 5, '2023-07-20', 1799.00),
(57, 7, 30, '2023-07-24', 799.00),
(58, 8, 25, '2023-07-28', 1399.00),
(59, 9, 18, '2023-08-01', 1999.00),
(60, 10, 1, '2023-08-04', 1199.00),
(61, 11, 4, '2023-08-08', 1499.00),
(62, 12, 7, '2023-08-11', 1799.00),
(63, 13, 22, '2023-08-14', 1999.00),
(64, 14, 40, '2023-08-17', 2299.00),
(65, 15, 9, '2023-08-20', 1899.00),
(66, 16, 2, '2023-08-24', 1299.00),
(67, 17, 14, '2023-08-28', 1599.00),
(68, 18, 28, '2023-08-31', 899.00),
(69, 19, 3, '2023-09-03', 2399.00),
(70, 20, 45, '2023-09-06', 4999.00),
(71, 21, 33, '2023-09-09', 699.00),
(72, 22, 19, '2023-09-12', 999.00),
(73, 23, 13, '2023-09-15', 1499.00),
(74, 24, 37, '2023-09-18', 1099.00),
(75, 25, 44, '2023-09-21', 1399.00),
(76, 26, 6, '2023-09-24', 1799.00),
(77, 27, 16, '2023-09-27', 2199.00),
(78, 28, 11, '2023-09-30', 799.00),
(79, 29, 36, '2023-10-03', 1999.00),
(80, 30, 26, '2023-10-06', 1899.00);

INSERT INTO OrderDetails (order_detail_id, order_id, product_id, quantity, unit_price) VALUES
(1, 1, 5, 2, 1499.00),
(2, 1, 12, 1, 999.00),
(3, 2, 3, 1, 899.00),
(4, 3, 9, 3, 499.00),
(5, 4, 20, 2, 2499.00),
(6, 5, 7, 1, 1299.00),
(7, 6, 14, 2, 1199.00),
(8, 7, 8, 1, 3499.00),
(9, 8, 2, 2, 349.00),
(10, 9, 11, 3, 699.00),
(11, 10, 18, 1, 1899.00),
(12, 11, 4, 2, 499.00),
(13, 12, 15, 2, 699.00),
(14, 13, 6, 1, 499.00),
(15, 14, 13, 2, 1449.00),
(16, 15, 19, 1, 1899.00),
(17, 16, 10, 2, 499.00),
(18, 17, 21, 1, 2999.00),
(19, 18, 1, 3, 599.00),
(20, 19, 17, 2, 649.00),
(21, 20, 23, 1, 3999.00),
(22, 21, 16, 2, 549.00),
(23, 22, 5, 1, 1499.00),
(24, 23, 9, 3, 499.00),
(25, 24, 25, 1, 2299.00),
(26, 25, 3, 2, 899.00),
(27, 26, 14, 1, 1199.00),
(28, 27, 22, 2, 1599.00),
(29, 28, 7, 2, 1299.00),
(30, 29, 2, 1, 349.00),
(31, 30, 24, 1, 2199.00),
(32, 31, 26, 1, 1799.00),
(33, 32, 19, 2, 1899.00),
(34, 33, 15, 2, 699.00),
(35, 34, 20, 1, 2499.00),
(36, 35, 10, 2, 499.00),
(37, 36, 21, 2, 2999.00),
(38, 37, 6, 1, 499.00),
(39, 38, 13, 2, 1449.00),
(40, 39, 8, 1, 3499.00),
(41, 40, 12, 1, 999.00),
(42, 41, 17, 2, 649.00),
(43, 42, 4, 2, 499.00),
(44, 43, 16, 3, 549.00),
(45, 44, 25, 1, 2299.00),
(46, 45, 11, 2, 699.00),
(47, 46, 9, 3, 499.00),
(48, 47, 2, 1, 349.00),
(49, 48, 18, 2, 1899.00),
(50, 49, 7, 1, 1299.00),
(51, 50, 23, 1, 3999.00),
(52, 51, 1, 3, 599.00),
(53, 52, 22, 1, 1599.00),
(54, 53, 24, 2, 2199.00),
(55, 54, 26, 1, 1799.00),
(56, 55, 19, 1, 1899.00),
(57, 56, 10, 2, 499.00),
(58, 57, 6, 2, 499.00),
(59, 58, 5, 1, 1499.00),
(60, 59, 15, 1, 699.00),
(61, 60, 8, 1, 3499.00),
(62, 61, 14, 2, 1199.00),
(63, 62, 3, 1, 899.00),
(64, 63, 11, 1, 699.00),
(65, 64, 4, 2, 499.00),
(66, 65, 2, 3, 349.00),
(67, 66, 16, 2, 549.00),
(68, 67, 18, 1, 1899.00),
(69, 68, 24, 2, 2199.00),
(70, 69, 10, 2, 499.00),
(71, 70, 21, 1, 2999.00),
(72, 71, 7, 1, 1299.00),
(73, 72, 1, 2, 599.00),
(74, 73, 5, 1, 1499.00),
(75, 74, 20, 2, 2499.00),
(76, 75, 13, 1, 1449.00),
(77, 76, 9, 3, 499.00),
(78, 77, 6, 2, 499.00),
(79, 78, 25, 1, 2299.00),
(80, 79, 12, 1, 999.00),
(81, 80, 17, 2, 649.00),
(82, 1, 26, 1, 1799.00),
(83, 2, 23, 2, 3999.00),
(84, 3, 22, 1, 1599.00),
(85, 4, 19, 1, 1899.00),
(86, 5, 15, 2, 699.00),
(87, 6, 3, 1, 899.00),
(88, 7, 2, 2, 349.00),
(89, 8, 8, 1, 3499.00),
(90, 9, 14, 2, 1199.00),
(91, 10, 6, 1, 499.00),
(92, 11, 10, 2, 499.00),
(93, 12, 4, 2, 499.00),
(94, 13, 16, 2, 549.00),
(95, 14, 24, 1, 2199.00),
(96, 15, 13, 2, 1449.00),
(97, 16, 7, 1, 1299.00),
(98, 17, 9, 3, 499.00),
(99, 18, 18, 1, 1899.00),
(100, 19, 20, 2, 2499.00),
(101, 20, 5, 2, 1499.00),
(102, 21, 1, 3, 599.00),
(103, 22, 11, 2, 699.00),
(104, 23, 26, 1, 1799.00),
(105, 24, 22, 2, 1599.00),
(106, 25, 25, 1, 2299.00),
(107, 26, 19, 1, 1899.00),
(108, 27, 23, 1, 3999.00),
(109, 28, 15, 2, 699.00),
(110, 29, 17, 2, 649.00),
(111, 30, 12, 1, 999.00),
(112, 31, 10, 2, 499.00),
(113, 32, 21, 1, 2999.00),
(114, 33, 6, 2, 499.00),
(115, 34, 3, 1, 899.00),
(116, 35, 14, 2, 1199.00),
(117, 36, 2, 3, 349.00),
(118, 37, 4, 1, 499.00),
(119, 38, 8, 1, 3499.00),
(120, 39, 13, 2, 1449.00);
INSERT INTO Payments (payment_id, order_id, payment_date, amount, payment_method) VALUES
(1, 1, '2025-05-05', 3497.00, 'Credit Card'),
(2, 2, '2025-05-06', 899.00, 'Debit Card'),
(3, 3, '2025-05-06', 1497.00, 'Net Banking'),
(4, 4, '2025-05-07', 4998.00, 'UPI'),
(5, 5, '2025-05-08', 1299.00, 'Credit Card'),
(6, 6, '2025-05-08', 2398.00, 'Cash'),
(7, 7, '2025-05-09', 3499.00, 'Debit Card'),
(8, 8, '2025-05-10', 698.00, 'Credit Card'),
(9, 9, '2025-05-10', 2097.00, 'UPI'),
(10, 10, '2025-05-11', 1899.00, 'Net Banking'),
(11, 11, '2025-05-11', 998.00, 'Credit Card'),
(12, 12, '2025-05-12', 1398.00, 'Cash'),
(13, 13, '2025-05-13', 499.00, 'Credit Card'),
(14, 14, '2025-05-14', 2898.00, 'UPI'),
(15, 15, '2025-05-15', 1899.00, 'Debit Card'),
(16, 16, '2025-05-16', 998.00, 'Net Banking'),
(17, 17, '2025-05-17', 2999.00, 'Cash'),
(18, 18, '2025-05-17', 1797.00, 'Credit Card'),
(19, 19, '2025-05-18', 1298.00, 'UPI'),
(20, 20, '2025-05-19', 3999.00, 'Debit Card'),
(21, 21, '2025-05-20', 1098.00, 'Credit Card'),
(22, 22, '2025-05-21', 1499.00, 'Cash'),
(23, 23, '2025-05-21', 1497.00, 'Net Banking'),
(24, 24, '2025-05-22', 2299.00, 'Credit Card'),
(25, 25, '2025-05-23', 1798.00, 'Debit Card'),
(26, 26, '2025-05-24', 1199.00, 'Cash'),
(27, 27, '2025-05-24', 3198.00, 'Credit Card'),
(28, 28, '2025-05-25', 2598.00, 'UPI'),
(29, 29, '2025-05-26', 3497.00, 'Net Banking'),
(30, 30, '2025-05-27', 2199.00, 'Debit Card'),
(31, 31, '2025-05-28', 1799.00, 'Credit Card'),
(32, 32, '2025-05-29', 3798.00, 'Cash'),
(33, 33, '2025-05-30', 1398.00, 'Credit Card'),
(34, 34, '2025-05-30', 2499.00, 'UPI'),
(35, 35, '2025-06-01', 998.00, 'Debit Card'),
(36, 36, '2025-06-02', 5998.00, 'Credit Card'),
(37, 37, '2025-06-03', 499.00, 'Cash'),
(38, 38, '2025-06-04', 2898.00, 'Net Banking'),
(39, 39, '2025-06-04', 2898.00, 'Credit Card'),
(40, 40, '2025-06-05', 999.00, 'Debit Card'),
(41, 41, '2025-06-06', 1298.00, 'Cash'),
(42, 42, '2025-06-07', 1098.00, 'Credit Card'),
(43, 43, '2025-06-08', 3447.00, 'UPI'),
(44, 44, '2025-06-09', 2299.00, 'Debit Card'),
(45, 45, '2025-06-10', 1398.00, 'Credit Card'),
(46, 46, '2025-06-11', 1497.00, 'Net Banking'),
(47, 47, '2025-06-11', 349.00, 'Cash'),
(48, 48, '2025-06-12', 3798.00, 'Credit Card'),
(49, 49, '2025-06-13', 1299.00, 'UPI'),
(50, 50, '2025-06-14', 3999.00, 'Debit Card'),
(51, 51, '2025-06-15', 1797.00, 'Credit Card'),
(52, 52, '2025-06-15', 1599.00, 'Net Banking'),
(53, 53, '2025-06-16', 4398.00, 'Cash'),
(54, 54, '2025-06-17', 1799.00, 'Credit Card'),
(55, 55, '2025-06-18', 1899.00, 'Debit Card'),
(56, 56, '2025-06-19', 998.00, 'Credit Card'),
(57, 57, '2025-06-20', 2994.00, 'Cash'),
(58, 58, '2025-06-21', 1499.00, 'Credit Card'),
(59, 59, '2025-06-22', 699.00, 'Debit Card'),
(60, 60, '2025-06-23', 3499.00, 'Net Banking'),
(61, 61, '2025-06-23', 2398.00, 'Credit Card'),
(62, 62, '2025-06-24', 899.00, 'UPI'),
(63, 63, '2025-06-25', 699.00, 'Credit Card'),
(64, 64, '2025-06-26', 998.00, 'Debit Card'),
(65, 65, '2025-06-27', 1047.00, 'Cash'),
(66, 66, '2025-06-28', 3297.00, 'Credit Card'),
(67, 67, '2025-06-29', 1899.00, 'Net Banking'),
(68, 68, '2025-06-29', 4398.00, 'Debit Card'),
(69, 69, '2025-06-30', 999.00, 'Cash'),
(70, 70, '2025-07-01', 2999.00, 'Credit Card'),
(71, 71, '2025-07-02', 1299.00, 'UPI'),
(72, 72, '2025-07-03', 1198.00, 'Credit Card'),
(73, 73, '2025-07-04', 4497.00, 'Debit Card'),
(74, 74, '2025-07-05', 1449.00, 'Credit Card'),
(75, 75, '2025-07-06', 1497.00, 'Net Banking');
INSERT INTO Reviews (review_id, product_id, customer_id, rating, review_text, review_date) VALUES
(1, 1, 5, 5, 'Excellent product! Highly recommend.', '2025-05-10'),
(2, 2, 12, 4, 'Good quality but a bit pricey.', '2025-05-11'),
(3, 3, 20, 3, 'Average, nothing special.', '2025-05-12'),
(4, 4, 15, 5, 'Exceeded expectations!', '2025-05-13'),
(5, 5, 22, 2, 'Not satisfied with the performance.', '2025-05-14'),
(6, 6, 8, 4, 'Works well for the price.', '2025-05-15'),
(7, 7, 19, 5, 'Best purchase I have made.', '2025-05-16'),
(8, 8, 3, 1, 'Stopped working after a week.', '2025-05-17'),
(9, 9, 9, 4, 'Good, but shipping was delayed.', '2025-05-18'),
(10, 10, 7, 3, 'Decent, but can be improved.', '2025-05-19'),
(11, 11, 10, 5, 'Highly recommend this product.', '2025-05-20'),
(12, 12, 6, 4, 'Satisfied with the quality.', '2025-05-21'),
(13, 13, 25, 2, 'Not worth the money.', '2025-05-22'),
(14, 14, 17, 5, 'Perfect for daily use.', '2025-05-23'),
(15, 15, 14, 3, 'Average experience.', '2025-05-24'),
(16, 16, 21, 4, 'Good value for the price.', '2025-05-25'),
(17, 17, 23, 5, 'Loved it, will buy again.', '2025-05-26'),
(18, 18, 13, 1, 'Poor build quality.', '2025-05-27'),
(19, 19, 11, 4, 'Met my expectations.', '2025-05-28'),
(20, 20, 16, 3, 'Okay for casual use.', '2025-05-29'),
(21, 1, 18, 5, 'Outstanding product!', '2025-05-30'),
(22, 2, 4, 2, 'Not as described.', '2025-06-01'),
(23, 3, 2, 4, 'Works as expected.', '2025-06-02'),
(24, 4, 24, 5, 'Highly recommended.', '2025-06-03'),
(25, 5, 1, 3, 'Could be better.', '2025-06-04'),
(26, 6, 5, 4, 'Good quality.', '2025-06-05'),
(27, 7, 7, 5, 'Excellent value.', '2025-06-06'),
(28, 8, 9, 2, 'Disappointed with the product.', '2025-06-07'),
(29, 9, 12, 4, 'Fast shipping and good product.', '2025-06-08'),
(30, 10, 14, 3, 'Average.', '2025-06-09'),
(31, 11, 15, 5, 'Will recommend to friends.', '2025-06-10'),
(32, 12, 17, 4, 'Good for the price.', '2025-06-11'),
(33, 13, 19, 2, 'Not as good as expected.', '2025-06-12'),
(34, 14, 20, 5, 'Highly satisfied.', '2025-06-13'),
(35, 15, 22, 3, 'It’s okay.', '2025-06-14'),
(36, 16, 25, 4, 'Worth the money.', '2025-06-15'),
(37, 17, 23, 5, 'Excellent choice.', '2025-06-16'),
(38, 18, 21, 1, 'Very poor quality.', '2025-06-17'),
(39, 19, 18, 4, 'Good product.', '2025-06-18'),
(40, 20, 16, 3, 'Satisfactory.', '2025-06-19'),
(41, 1, 14, 5, 'Highly recommend.', '2025-06-20'),
(42, 2, 13, 2, 'Not good.', '2025-06-21'),
(43, 3, 11, 4, 'Does the job.', '2025-06-22'),
(44, 4, 10, 5, 'Exceeded my expectations.', '2025-06-23'),
(45, 5, 9, 3, 'Average product.', '2025-06-24'),
(46, 6, 8, 4, 'Pretty good.', '2025-06-25'),
(47, 7, 7, 5, 'Love this product.', '2025-06-26'),
(48, 8, 6, 1, 'Stopped working quickly.', '2025-06-27'),
(49, 9, 5, 4, 'Good quality.', '2025-06-28'),
(50, 10, 4, 3, 'Okay product.','2025-06-29')

INSERT INTO Reviews (review_id, product_id, customer_id, rating, review_text, review_date) VALUES
(51, 12, 56, 5, 'Excellent product, highly recommended!', '2025-03-15'),
(52, 7, 57, 4, 'Very useful and good quality.', '2025-03-16'),
(53, 21, 58, 3, 'Average, expected better.', '2025-03-17'),
(54, 3, 59, 5, 'Loved it! Works as expected.', '2025-03-18'),
(55, 15, 60, 2, 'Not satisfied with the product.', '2025-03-19'),
(56, 29, 61, 4, 'Good value for money.', '2025-03-20'),
(57, 11, 62, 5, 'Amazing quality and fast delivery.', '2025-03-21'),
(58, 19, 63, 3, 'Okayish, could be better.', '2025-03-22'),
(59, 40, 64, 4, 'Impressed with the product.', '2025-03-23'),
(60, 27, 65, 2, 'Did not meet expectations.', '2025-03-24'),
(61, 5, 66, 5, 'Best in this price range.', '2025-03-25'),
(62, 9, 67, 3, 'Just fine, nothing great.', '2025-03-26'),
(63, 24, 68, 4, 'Good one, decent packaging.', '2025-03-27'),
(64, 14, 69, 2, 'Broke after a week.', '2025-03-28'),
(65, 33, 70, 5, 'Great product, using daily.', '2025-03-29'),
(66, 6, 71, 4, 'Looks good and works well.', '2025-03-30'),
(67, 17, 72, 5, 'Superb! Exceeded expectations.', '2025-03-31'),
(68, 1, 73, 1, 'Very disappointed.', '2025-04-01'),
(69, 23, 74, 4, 'Nice finish and design.', '2025-04-02'),
(70, 38, 75, 3, 'Okay product for daily use.', '2025-04-03'),
(71, 4, 76, 5, 'Absolutely love it!', '2025-04-04'),
(72, 13, 77, 2, 'Quality not as expected.', '2025-04-05'),
(73, 26, 78, 4, 'Met my expectations.', '2025-04-06'),
(74, 18, 79, 5, 'Excellent packaging and delivery.', '2025-04-07'),
(75, 35, 80, 3, 'Decent product.', '2025-04-08'),
(76, 42, 81, 4, 'Product is exactly as shown.', '2025-04-09'),
(77, 8, 82, 2, 'Wouldn’t recommend.', '2025-04-10'),
(78, 20, 83, 5, 'Very efficient and useful.', '2025-04-11'),
(79, 16, 84, 4, 'Happy with the purchase.', '2025-04-12'),
(80, 10, 85, 3, 'It’s okay, nothing special.', '2025-04-13'),
(81, 2, 86, 1, 'Terrible experience.', '2025-04-14'),
(82, 25, 87, 4, 'Affordable and good.', '2025-04-15'),
(83, 32, 88, 5, 'Highly durable product.', '2025-04-16'),
(84, 30, 89, 3, 'It works well but overpriced.', '2025-04-17'),
(85, 22, 90, 4, 'Liked it a lot.', '2025-04-18'),
(86, 37, 91, 2, 'Low build quality.', '2025-04-19'),
(87, 44, 92, 5, 'Perfect item, go for it!', '2025-04-20'),
(88, 28, 93, 4, 'Packaging was neat.', '2025-04-21'),
(89, 36, 94, 2, 'Not durable.', '2025-04-22'),
(90, 41, 95, 3, 'Just average.', '2025-04-23'),
(91, 34, 96, 4, 'Nice one!', '2025-04-24'),
(92, 45, 97, 5, 'Everything works perfectly.', '2025-04-25'),
(93, 43, 98, 3, 'Could improve quality.', '2025-04-26'),
(94, 39, 99, 4, 'Delivered on time.', '2025-04-27'),
(95, 31, 100, 2, 'Pricey for what it offers.', '2025-04-28'),
(96, 46, 101, 5, 'Excellent functionality.', '2025-04-29'),
(97, 48, 102, 4, 'Nice and lightweight.', '2025-04-30'),
(98, 50, 103, 3, 'Works but slow.', '2025-05-01'),
(99, 47, 104, 2, 'Unsatisfactory performance.', '2025-05-02'),
(100, 49, 105, 5, 'Fantastic, very happy.', '2025-05-03');


-- new insertions
INSERT INTO Categories (category_id, category_name) VALUES
(16, 'Home Improvement'),
(17, 'Office Supplies'),
(18, 'Smart Wearables'),
(19, 'Pet Supplies'),
(20, 'Fitness Equipment');

INSERT INTO Suppliers (supplier_id, supplier_name, city) VALUES
(51, 'UrbanNest Traders', 'Hyderabad'),
(52, 'Delta Electronics', 'Bangalore'),
(53, 'BlueOcean Retail', 'Mumbai'),
(54, 'FitPro Gear', 'Pune'),
(55, 'PetWorld India', 'Chennai');

INSERT INTO Employees (employee_id, full_name, position, city) VALUES
(51, 'Ravi Teja', 'Sales Executive', 'Hyderabad'),
(52, 'Sneha Reddy', 'Customer Support', 'Bangalore'),
(53, 'Karan Mehta', 'Logistics Manager', 'Mumbai'),
(54, 'Ananya Singh', 'Inventory Analyst', 'Chennai'),
(55, 'Vikram Chauhan', 'Marketing Lead', 'Pune');

INSERT INTO Customers (customer_id, full_name, city, signup_date, email) VALUES
(51, 'Neha Kulkarni', 'Mumbai', '2025-01-02', 'neha.kulkarni51@example.com'),
(52, 'Deepak Malhotra', 'Delhi', '2025-01-04', 'deepak.malhotra52@example.com'),
(53, 'Asha Goyal', 'Kolkata', '2025-01-06', 'asha.goyal53@example.com'),
(54, 'Yuvraj Singh', 'Ludhiana', '2025-01-08', 'yuvraj.singh54@example.com'),
(55, 'Bhavna Pandey', 'Bhopal', '2025-01-10', 'bhavna.pandey55@example.com');
INSERT INTO Customers (customer_id, full_name, city, signup_date, email) VALUES
(56, 'Kiran Desai', 'Pune', '2025-01-12', 'kiran.desai56@example.com'),
(57, 'Tanmay Iyer', 'Chennai', '2025-01-14', 'tanmay.iyer57@example.com'),
(58, 'Divya Mehra', 'Hyderabad', '2025-01-17', 'divya.mehra58@example.com'),
(59, 'Arjun Patel', 'Ahmedabad', '2025-01-20', 'arjun.patel59@example.com'),
(60, 'Ritika Sharma', 'Jaipur', '2025-01-22', 'ritika.sharma60@example.com'),
(61, 'Sourav Dutta', 'Kolkata', '2025-01-25', 'sourav.dutta61@example.com'),
(62, 'Meera Sinha', 'Lucknow', '2025-01-28', 'meera.sinha62@example.com'),
(63, 'Prateek Joshi', 'Nagpur', '2025-02-01', 'prateek.joshi63@example.com'),
(64, 'Aman Kapoor', 'Delhi', '2025-02-03', 'aman.kapoor64@example.com'),
(65, 'Ishita Roy', 'Mumbai', '2025-02-05', 'ishita.roy65@example.com'),
(66, 'Kavya Menon', 'Chennai', '2025-02-08', 'kavya.menon66@example.com'),
(67, 'Vikram Chauhan', 'Bangalore', '2025-02-11', 'vikram.chauhan67@example.com'),
(68, 'Anita Reddy', 'Hyderabad', '2025-02-13', 'anita.reddy68@example.com'),
(69, 'Rahul Seth', 'Gurgaon', '2025-02-15', 'rahul.seth69@example.com'),
(70, 'Sneha Arora', 'Noida', '2025-02-17', 'sneha.arora70@example.com'),
(71, 'Nikhil Jain', 'Indore', '2025-02-20', 'nikhil.jain71@example.com'),
(72, 'Pooja Batra', 'Chandigarh', '2025-02-22', 'pooja.batra72@example.com'),
(73, 'Varun Bansal', 'Surat', '2025-02-25', 'varun.bansal73@example.com'),
(74, 'Anjali Dube', 'Bhopal', '2025-02-28', 'anjali.dube74@example.com'),
(75, 'Raghav Verma', 'Ludhiana', '2025-03-02', 'raghav.verma75@example.com'),
(76, 'Mitali Joshi', 'Pune', '2025-03-05', 'mitali.joshi76@example.com'),
(77, 'Rohan Naik', 'Mumbai', '2025-03-08', 'rohan.naik77@example.com'),
(78, 'Nandita Pillai', 'Bangalore', '2025-03-11', 'nandita.pillai78@example.com'),
(79, 'Samar Goel', 'Delhi', '2025-03-13', 'samar.goel79@example.com'),
(80, 'Aarti Jadhav', 'Nashik', '2025-03-15', 'aarti.jadhav80@example.com'),
(81, 'Kunal Bhatt', 'Ahmedabad', '2025-03-18', 'kunal.bhatt81@example.com'),
(82, 'Vidya Iyer', 'Chennai', '2025-03-20', 'vidya.iyer82@example.com'),
(83, 'Harshit Ghosh', 'Kolkata', '2025-03-22', 'harshit.ghosh83@example.com'),
(84, 'Lavanya Nair', 'Cochin', '2025-03-25', 'lavanya.nair84@example.com'),
(85, 'Shivam Rawat', 'Noida', '2025-03-27', 'shivam.rawat85@example.com'),
(86, 'Priya Das', 'Bhubaneswar', '2025-03-30', 'priya.das86@example.com'),
(87, 'Aditya Mahajan', 'Pune', '2025-04-02', 'aditya.mahajan87@example.com'),
(88, 'Komal Agarwal', 'Indore', '2025-04-04', 'komal.agarwal88@example.com'),
(89, 'Rajeev Thakur', 'Shimla', '2025-04-07', 'rajeev.thakur89@example.com'),
(90, 'Neelam Kaul', 'Srinagar', '2025-04-09', 'neelam.kaul90@example.com'),
(91, 'Manav Kapoor', 'Delhi', '2025-04-12', 'manav.kapoor91@example.com'),
(92, 'Simran Nanda', 'Chandigarh', '2025-04-15', 'simran.nanda92@example.com'),
(93, 'Dev Mehta', 'Rajkot', '2025-04-17', 'dev.mehta93@example.com'),
(94, 'Tanya Sharma', 'Gwalior', '2025-04-19', 'tanya.sharma94@example.com'),
(95, 'Vikas Deshmukh', 'Aurangabad', '2025-04-22', 'vikas.deshmukh95@example.com'),
(96, 'Ira Mukherjee', 'Kolkata', '2025-04-25', 'ira.mukherjee96@example.com'),
(97, 'Ravi Sekhar', 'Vijayawada', '2025-04-27', 'ravi.sekhar97@example.com'),
(98, 'Snehal Patil', 'Nashik', '2025-04-30', 'snehal.patil98@example.com'),
(99, 'Anshul Saini', 'Dehradun', '2025-05-02', 'anshul.saini99@example.com'),
(100, 'Meghna Rao', 'Mangalore', '2025-05-05', 'meghna.rao100@example.com'),
(101, 'Yash Mittal', 'Delhi', '2025-05-08', 'yash.mittal101@example.com'),
(102, 'Rekha Pillai', 'Chennai', '2025-05-10', 'rekha.pillai102@example.com'),
(103, 'Ayaan Khan', 'Bangalore', '2025-05-13', 'ayaan.khan103@example.com'),
(104, 'Nikita Dey', 'Kolkata', '2025-05-15', 'nikita.dey104@example.com'),
(105, 'Gaurav Rathi', 'Jaipur', '2025-05-18', 'gaurav.rathi105@example.com');

INSERT INTO Orders (order_id, customer_id, employee_id, order_date, total_amount) VALUES
(81, 103, 41, '2025-02-24', 7199.07),
(82, 74, 44, '2025-03-02', 909.28),
(83, 92, 31, '2025-02-01', 8909.73),
(84, 83, 44, '2024-12-29', 1947.12),
(85, 58, 36, '2025-02-05', 3746.12),
(86, 64, 31, '2025-03-28', 695.34),
(87, 98, 32, '2025-01-13', 3370.31),
(88, 68, 39, '2025-05-30', 2088.00),
(89, 55, 40, '2025-03-04', 8503.92),
(90, 78, 48, '2024-12-24', 9858.08),
(91, 97, 46, '2025-03-04', 4581.60),
(92, 62, 45, '2024-12-24', 4664.47),
(93, 88, 50, '2025-05-23', 7853.66),
(94, 71, 36, '2025-01-14', 5966.30),
(95, 57, 45, '2025-05-11', 7991.22),
(96, 78, 40, '2025-03-06', 3349.75),
(97, 99, 39, '2025-06-07', 7902.53),
(98, 92, 39, '2025-05-11', 4599.98),
(99, 95, 35, '2025-03-05', 6563.44),
(100, 66, 40, '2025-04-21', 8957.23),
(101, 52, 44, '2025-01-04', 8819.76),
(102, 83, 37, '2025-01-12', 9502.50),
(103, 89, 40, '2025-02-14', 3280.89),
(104, 65, 47, '2025-05-03', 8912.37),
(105, 52, 47, '2025-02-05', 5402.91),
(106, 72, 37, '2025-02-10', 1858.61),
(107, 95, 32, '2025-02-20', 9114.39),
(108, 64, 40, '2025-06-14', 1259.52),
(109, 67, 33, '2025-02-01', 2795.93),
(110, 96, 31, '2025-06-06', 9843.64),
(111, 58, 49, '2025-05-26', 8735.21),
(112, 70, 49, '2025-04-25', 6941.81),
(113, 85, 38, '2025-03-16', 9052.94),
(114, 68, 34, '2025-06-12', 5031.40),
(115, 53, 45, '2025-05-01', 5385.58),
(116, 97, 42, '2025-01-28', 6245.88),
(117, 85, 37, '2025-04-10', 7741.23),
(118, 88, 33, '2025-03-10', 9317.83),
(119, 59, 50, '2025-02-03', 9163.39),
(120, 84, 41, '2025-01-30', 9330.15),
(121, 75, 44, '2025-06-08', 8584.66),
(122, 55, 38, '2025-04-16', 6526.93),
(123, 61, 42, '2025-02-27', 8947.74),
(124, 94, 41, '2025-01-10', 7109.89),
(125, 82, 37, '2025-06-01', 5794.38),
(126, 76, 38, '2025-02-22', 8961.37),
(127, 91, 39, '2025-04-04', 2383.36),
(128, 80, 34, '2025-01-22', 6907.77),
(129, 59, 46, '2025-03-27', 6942.27),
(130, 100, 43, '2025-03-13', 7256.97),
(131, 86, 32, '2025-05-21', 8673.51),
(132, 73, 48, '2025-01-02', 3733.79),
(133, 60, 31, '2025-02-16', 5609.66),
(134, 54, 46, '2025-03-11', 9593.08),
(135, 87, 33, '2025-06-02', 3192.95),
(136, 67, 35, '2025-04-01', 9706.80),
(137, 93, 50, '2025-06-04', 6877.64),
(138, 56, 49, '2025-01-20', 6994.85),
(139, 98, 31, '2025-01-05', 9637.97),
(140, 101, 43, '2025-06-11', 9521.43),
(141, 74, 35, '2025-03-23', 8797.36),
(142, 79, 36, '2025-01-25', 8403.89),
(143, 90, 44, '2025-04-18', 6247.91),
(144, 87, 41, '2025-05-10', 9234.04),
(145, 69, 48, '2025-04-27', 5334.79);
INSERT INTO Orders (order_id, customer_id, employee_id, order_date, total_amount) VALUES
(146, 73, 49, '2025-06-10', 4811.53),
(147, 60, 45, '2025-04-15', 3795.41),
(148, 65, 46, '2025-06-04', 7418.77),
(149, 70, 33, '2025-06-02', 9031.58),
(150, 76, 41, '2025-05-13', 4744.95),
(151, 88, 40, '2025-04-24', 6204.71),
(152, 101, 31, '2025-06-05', 5393.23),
(153, 85, 47, '2025-05-30', 7961.60),
(154, 90, 38, '2025-04-05', 3167.48),
(155, 66, 49, '2025-05-02', 9290.37),
(156, 91, 42, '2025-05-15', 7466.09),
(157, 96, 32, '2025-04-01', 4137.93),
(158, 55, 44, '2025-06-01', 8749.80),
(159, 98, 37, '2025-04-09', 3510.72),
(160, 62, 35, '2025-06-08', 6872.66),
(161, 87, 33, '2025-04-26', 7953.14),
(162, 68, 36, '2025-06-13', 8891.27),
(163, 95, 46, '2025-04-19', 9380.89),
(164, 93, 48, '2025-05-04', 7693.43),
(165, 77, 47, '2025-06-06', 6163.08),
(166, 74, 43, '2025-05-20', 5850.29),
(167, 86, 38, '2025-04-02', 8834.61),
(168, 80, 45, '2025-06-12', 7671.02),
(169, 67, 34, '2025-05-25', 3104.76),
(170, 94, 31, '2025-05-06', 9433.84),
(171, 63, 41, '2025-06-14', 4521.35),
(172, 84, 40, '2025-06-10', 9022.27),
(173, 89, 37, '2025-05-14', 3261.18),
(174, 69, 50, '2025-05-08', 7873.10),
(175, 59, 42, '2025-06-05', 6830.29),
(176, 75, 36, '2025-06-07', 8519.00),
(177, 61, 33, '2025-04-28', 4236.11),
(178, 100, 34, '2025-04-17', 6572.19),
(179, 57, 43, '2025-05-23', 7384.65),
(180, 71, 35, '2025-06-03', 7140.96),
(181, 92, 44, '2025-06-13', 9403.87),
(182, 64, 32, '2025-05-27', 6332.70),
(183, 79, 39, '2025-04-14', 7390.62),
(184, 56, 46, '2025-04-03', 2983.17),
(185, 102, 48, '2025-05-12', 8946.82),
(186, 58, 39, '2025-06-09', 3602.28),
(187, 97, 31, '2025-04-21', 4377.55),
(188, 72, 42, '2025-05-07', 5753.10),
(189, 83, 45, '2025-06-11', 6485.20),
(190, 66, 35, '2025-04-22', 8192.94),
(191, 73, 50, '2025-06-14', 7734.87),
(192, 52, 36, '2025-04-08', 3495.69),
(193, 60, 38, '2025-06-10', 9027.90),
(194, 82, 49, '2025-05-17', 8286.77),
(195, 99, 43, '2025-04-12', 6401.23),
(196, 54, 47, '2025-04-29', 5097.56),
(197, 70, 41, '2025-05-19', 6932.68),
(198, 78, 44, '2025-06-02', 8387.39),
(199, 81, 40, '2025-04-06', 7611.91),
(200, 53, 33, '2025-05-29', 8841.56),
(201, 63, 37, '2025-05-22', 7190.27),
(202, 65, 35, '2025-06-01', 3992.64),
(203, 91, 46, '2025-06-07', 7804.77),
(204, 58, 36, '2025-05-10', 4427.99),
(205, 62, 41, '2025-06-12', 8853.15);

INSERT INTO OrderDetails (order_detail_id, order_id, product_id, quantity, unit_price) VALUES
(121, 146, 12, 2, 799.99),
(122, 147, 24, 1, 1250.00),
(123, 148, 7, 3, 349.50),
(124, 149, 3, 1, 8999.00),
(125, 150, 18, 4, 425.25),
(126, 151, 29, 2, 1200.00),
(127, 152, 1, 1, 5393.23),
(128, 153, 22, 2, 1980.80),
(129, 154, 4, 5, 633.50),
(130, 155, 11, 3, 3096.79),
(131, 156, 9, 4, 1866.52),
(132, 157, 20, 2, 2068.97),
(133, 158, 10, 1, 8749.80),
(134, 159, 8, 3, 1170.24),
(135, 160, 30, 1, 6872.66),
(136, 161, 2, 2, 3976.57),
(137, 162, 27, 4, 2222.82),
(138, 163, 25, 1, 9380.89),
(139, 164, 31, 2, 3846.72),
(140, 165, 13, 3, 2054.36),
(141, 166, 16, 2, 2925.14),
(142, 167, 19, 1, 8834.61),
(143, 168, 5, 4, 1917.76),
(144, 169, 6, 1, 3104.76),
(145, 170, 14, 3, 3144.61),
(146, 171, 28, 2, 2260.67),
(147, 172, 21, 1, 9022.27),
(148, 173, 23, 3, 1087.06),
(149, 174, 17, 2, 3936.55),
(150, 175, 15, 2, 3415.15),
(151, 176, 36, 3, 2839.67),
(152, 177, 38, 2, 2118.05),
(153, 178, 39, 1, 6572.19),
(154, 179, 35, 2, 3692.32),
(155, 180, 33, 2, 3570.48),
(156, 181, 42, 1, 9403.87),
(157, 182, 26, 3, 2110.90),
(158, 183, 44, 2, 3695.31),
(159, 184, 41, 1, 2983.17),
(160, 185, 45, 2, 4473.41);

INSERT INTO Payments (payment_id, order_id, payment_date, amount, payment_method) VALUES
(125, 156, '2025-04-10', 4999.00, 'Credit Card'),
(76, 157, '2025-04-11', 2150.00, 'UPI'),
(77, 158, '2025-04-11', 7832.50, 'Debit Card'),
(78, 159, '2025-04-12', 645.00, 'Net Banking'),
(79, 160, '2025-04-13', 3200.00, 'Cash on Delivery'),
(80, 161, '2025-04-13', 1500.00, 'UPI'),
(81, 162, '2025-04-14', 9550.00, 'Credit Card'),
(82, 163, '2025-04-14', 2789.99, 'Debit Card'),
(83, 164, '2025-04-15', 3990.45, 'Net Banking'),
(84, 165, '2025-04-16', 1588.90, 'Credit Card'),
(85, 166, '2025-04-16', 2950.75, 'UPI'),
(86, 167, '2025-04-17', 6640.20, 'Cash on Delivery'),
(87, 168, '2025-04-17', 1450.00, 'Net Banking'),
(88, 169, '2025-04-18', 778.25, 'Debit Card'),
(89, 170, '2025-04-18', 8745.50, 'Credit Card'),
(90, 171, '2025-04-19', 3250.00, 'UPI'),
(91, 172, '2025-04-19', 4156.00, 'Debit Card'),
(92, 173, '2025-04-20', 2460.99, 'Net Banking'),
(93, 174, '2025-04-20', 7150.60, 'Credit Card'),
(94, 175, '2025-04-21', 5650.00, 'Cash on Delivery'),
(95, 176, '2025-04-21', 4322.75, 'UPI'),
(96, 177, '2025-04-22', 2100.45, 'Credit Card'),
(97, 178, '2025-04-22', 3209.30, 'Net Banking'),
(98, 179, '2025-04-23', 1580.00, 'Debit Card'),
(99, 180, '2025-04-24', 7749.99, 'UPI'),
(100, 181, '2025-04-24', 889.60, 'Cash on Delivery'),
(101, 182, '2025-04-25', 3400.50, 'Credit Card'),
(102, 183, '2025-04-25', 2499.00, 'Debit Card'),
(103, 184, '2025-04-26', 1899.45, 'Net Banking'),
(104, 185, '2025-04-26', 2100.00, 'Credit Card'),
(105, 186, '2025-04-27', 5790.00, 'Cash on Delivery'),
(106, 187, '2025-04-27', 999.99, 'UPI'),
(107, 188, '2025-04-28', 6580.30, 'Credit Card'),
(108, 189, '2025-04-28', 3001.75, 'Net Banking'),
(109, 190, '2025-04-29', 2490.00, 'Debit Card'),
(110, 191, '2025-04-29', 4500.90, 'UPI'),
(111, 192, '2025-04-30', 1890.25, 'Credit Card'),
(112, 193, '2025-04-30', 3575.00, 'Net Banking'),
(113, 194, '2025-05-01', 4700.50, 'Credit Card'),
(114, 195, '2025-05-01', 1250.00, 'Debit Card'),
(115, 196, '2025-05-02', 9999.99, 'Credit Card'),
(116, 197, '2025-05-02', 2250.00, 'Cash on Delivery'),
(117, 198, '2025-05-03', 1850.60, 'UPI'),
(118, 199, '2025-05-03', 2000.00, 'Credit Card'),
(119, 200, '2025-05-04', 3100.10, 'Debit Card'),
(120, 201, '2025-05-04', 5100.00, 'Net Banking'),
(121, 202, '2025-05-05', 6890.25, 'UPI'),
(122, 203, '2025-05-05', 1599.90, 'Credit Card'),
(123, 204, '2025-05-06', 2399.00, 'Debit Card'),
(124, 205, '2025-05-06', 999.00, 'Net Banking');


select * from Customers
select * from OrderDetails
select * from Orders
select * from Reviews
select * from Employees
select * from Payments
select * from Products
select * from Categories
select * from Suppliers

-- Create availability_status column in Products
ALTER TABLE Products ADD availability_status VARCHAR(20) DEFAULT 'In Stock';

-- Rename payments table to CustomerPayments
EXEC sp_rename 'payments', 'CustomerPayments';

-- Drop middle_name column from Employees
ALTER TABLE Employees DROP COLUMN middle_name;
